Sindicato,Convenção,Título da Cláusula,Resumo,Cláusula Completa
FARMACÊUTICOS,MARINGA 2023,CLÁUSULA PRIMEIRA - VIGÊNCIA E DATA-BASE,"Define o período de vigência da convenção e a data-base da categoria","As partes fixam a vigência da presente Convenção Coletiva de Trabalho no período de 01º de maio de 2023 a 30 de abril de 2024 e a data-base da categoria em 01º de maio."
FARMACÊUTICOS,MARINGA 2023,CLÁUSULA SEGUNDA - ABRANGÊNCIA,"Especifica todos os municípios abrangidos para aplicação da convenção aos farmacêuticos","A presente Convenção Coletiva de Trabalho abrangerá a(s) categoria(s) farmacêuticos, com abrangência territorial em Astorga/PR, Atalaia/PR, Colorado/PR, Doutor Camargo/PR, Floraí/PR, Floresta/PR, Flórida/PR, Iguaraçu/PR, Itaguajé/PR, Itambé/PR, Ivatuba/PR, Lobato/PR, Mandaguaçu/PR, Mandaguari/PR, Marialva/PR, Maringá/PR, Munhoz de Melo/PR, Nossa Senhora das Graças/PR, Nova Esperança/PR, Ourizona/PR, Paiçandu/PR, Presidente Castelo Branco/PR, Santa Fé/PR, Santa Inês/PR, Santo Inácio/PR, São Jorge do Ivaí/PR, Sarandi/PR e Uniflor/PR."
FARMACÊUTICOS,MARINGA 2023,CLÁUSULA TERCEIRA - CORREÇÃO SALARIAL E PISO DA CATEGORIA,"Define reajustes salariais por faixas, data de pagamento e fixa o novo piso salarial a partir de 01/05/23, além de disciplina pagamento de retroativos","Os salários serão reajustados em primeiro de maio de 2023, com pagamento até o quinto dia útil de junho de 2023, obedecendo o seguinte escalonamento: I – Salários até R$3.000,00 – reajuste de 4%; II – Salários de R$3.001,00 a R$10.000,00 – reajuste de 3%; III – Salários acima de R$10.000,00 – reajuste de 2%. Piso salarial da categoria, para jornada de 44 horas semanais, a partir de 01/05/2023 é de R$3.533,21. Valores retroativos serão realizados na folha subsequente ao fechamento da Convenção."
FARMACÊUTICOS,MARINGA 2023,CLÁUSULA QUARTA - PAGAMENTO DAS VERBAS RESCISÓRIAS,"Estabelece prazo para pagamento das verbas rescisórias, antecipando caso caia em finais de semana ou feriados","O pagamento das verbas rescisórias será feito até o décimo dia legal, antecipado para o último dia útil anterior caso recaia em sábado, domingo ou feriado."
FARMACÊUTICOS,MARINGA 2023,CLÁUSULA QUINTA - COMPROVANTES DE PAGAMENTO,"Obriga fornecimento de comprovante detalhado de pagamento, inclusive digital, e físico mediante solicitação","Empregadores devem fornecer envelope ou contracheque detalhado, inclusive por meio eletrônico, e físico com antecedência de 48h caso solicitado pelo empregado. Salários pagos até o 5º dia útil do mês subsequente."
FARMACÊUTICOS,MARINGA 2023,CLÁUSULA SEXTA - ERRO NA FOLHA DE PAGAMENTO,"Determina prazo de até 3 dias úteis para corrigir diferenças salariais em folha ou adiantamento","No caso de erro, a empresa deve complementar no máximo em 3 dias úteis após constatação da diferença."
FARMACÊUTICOS,MARINGA 2023,CLÁUSULA SÉTIMA - PAGAMENTO DE SALÁRIO FORA DO PRAZO,"Prevê multa de 0,30% ao dia para atraso salarial","Multa de 0,30% ao dia de atraso sobre o valor líquido devido, regularizado na folha seguinte."
FARMACÊUTICOS,MARINGA 2023,CLÁUSULA OITAVA - INDENIZAÇÃO ADICIONAL,"Regras para pagamento de indenização adicional por aviso prévio","O aviso prévio (cumprido/indenizado) integra tempo de serviço para cálculo da indenização se a projeção recair de 1º a 30/4; não é devida se cair antes de 31/3 ou após 30/4. Os dias do aviso prévio da Lei 12.506/11 serão computados."
FARMACÊUTICOS,MARINGA 2023,CLÁUSULA NONA - SALÁRIO DO SUBSTITUTO,"Prevê salário igual ao substituído em casos acima de 30 dias","Substituições por mais de 30 dias garantem ao substituto o salário contratual do substituído, excetuadas vantagens pessoais."
FARMACÊUTICOS,MARINGA 2023,CLÁUSULA DÉCIMA - ABONO POR TEMPO DE SERVIÇO,"Prevê abono de 0,6% por ano trabalhado desde 2010, sem limite","Abono por tempo de serviço de 0,6% por ano na empresa, pago destacadamente, exceto períodos de afastamento por INSS superiores a 30 dias. Desde 01/05/2010, fim do limitador de 10 anos."
FARMACÊUTICOS,MARINGA 2023,CLÁUSULA DÉCIMA PRIMEIRA - ADIANTAMENTO DE 13º SALÁRIO,"Possibilita adiantamento de até 50% do 13º a pedido","Poderá ser antecipado até 50% do 13º salário por solicitação escrita feita até janeiro de cada ano."
FARMACÊUTICOS,MARINGA 2023,CLÁUSULA DÉCIMA SEGUNDA - VALE-TRANSPORTE,"Regulamenta concessão de vale-transporte e proíbe descontos superiores a 6%","Empregador não pode descontar mais de 6% do salário base pelo fornecimento do vale-transporte."
FARMACÊUTICOS,MARINGA 2023,CLÁUSULA DÉCIMA TERCEIRA - JORNADA DE TRABALHO,"Regula jornada normal e escalas diferenciadas incluindo plantões e 12x36","Jornada padrão de 44 horas semanais, podendo existir escalas 12x36, plantões e horários flexíveis desde que acordado entre as partes."
FARMACÊUTICOS,MARINGA 2023,CLÁUSULA DÉCIMA QUARTA - BANCO DE HORAS,"Permite banco de horas por acordo coletivo","Fica facultada instituição de banco de horas via acordo coletivo homologado no sindicato, proibido acordo individual."
FARMACÊUTICOS,MARINGA 2023,CLÁUSULA DÉCIMA QUINTA - HORAS EXTRAS,"Prevê pagamento de extras conforme a legislação","Extras até limite legal pagas com adicional de 50% ou conforme CLT; plantões e compensações sujeitos a acordo coletivo."
FARMACÊUTICOS,MARINGA 2023,CLÁUSULA DÉCIMA SEXTA - ADICIONAL NOTURNO,"Concede adicional de 30% sobre a hora noturna","Adicional de 30% sobre o valor da hora normal para trabalho entre 22h e 5h, considerando hora reduzida segundo a CLT."
FARMACÊUTICOS,MARINGA 2023,CLÁUSULA DÉCIMA SÉTIMA - ADICIONAL DE INSALUBRIDADE,"Determina adicional de insalubridade conforme laudo técnico","Adicional devido de acordo com a legislação vigente e laudo técnico, calculado sobre salário mínimo."
FARMACÊUTICOS,MARINGA 2023,CLÁUSULA DÉCIMA OITAVA - ADICIONAL DE PERICULOSIDADE,"Garante adicional aos que trabalham em atividades perigosas","Adicional será devido quando houver enquadramento legal em atividades perigosas, conforme legislação e laudo técnico."
FARMACÊUTICOS,MARINGA 2023,CLÁUSULA DÉCIMA NONA - AUXÍLIO FUNERAL,"Prevê fundo funeral obrigatório","FUNDO FUNERAL obrigatório pelas empresas, cobrindo eventos previstos de todos os empregados registrados."
FARMACÊUTICOS,MARINGA 2023,CLÁUSULA VIGÉSIMA - VALE-REFEIÇÃO/ALIMENTAÇÃO,"Obriga empresa com mais de 10 empregados a fornecer vale-refeição","Empresas com mais de 10 empregados devem fornecer vale-refeição diário de valor definido em acordo."
FARMACÊUTICOS,MARINGA 2023,CLÁUSULA VIGÉSIMA PRIMEIRA - CONVÊNIOS,"Faculta empresa a firmar convênios médicos ou odontológicos","Empregadores podem firmar convênios médicos, odontológicos ou similares em benefício dos empregados se a maioria aceitar, sendo facultativo o desconto em folha."
FARMACÊUTICOS,MARINGA 2023,CLÁUSULA VIGÉSIMA SEGUNDA - UNIFORMES,"Determina fornecimento gratuito de uniforme quando exigido","Empregador fornecerá uniforme gratuitamente quando for exigido o uso, exceto acessórios pessoais."
FARMACÊUTICOS,MARINGA 2023,CLÁUSULA VIGÉSIMA TERCEIRA - CARTA DE REFERÊNCIA,"Obriga fornecimento de carta de referência a pedido de empregado demitido","Empregado demitido sem justa causa ou por término de contrato tem direito a carta de referência indicando período e função."
FARMACÊUTICOS,MARINGA 2023,CLÁUSULA VIGÉSIMA QUARTA - DISPENSA DE AVISO PRÉVIO DISPENSA EM NOVO EMPREGO,"Prevê dispensa do cumprimento do aviso prévio se o trabalhador apresentar novo contrato","Empregado que obtiver novo emprego durante aviso prévio será liberado do cumprimento do restante do prazo."
FARMACÊUTICOS,MARINGA 2023,CLÁUSULA VIGÉSIMA QUINTA - ESTABILIDADE AO MILITAR,"Prevê estabilidade ao empregado em serviço militar obrigatório do início até 30 dias após baixa","Empregado convocado ao serviço militar obrigatório tem estabilidade de contratação até 30 dias após baixa."
FARMACÊUTICOS,MARINGA 2023,CLÁUSULA VIGÉSIMA SEXTA - ESTABILIDADE POR ACIDENTE DE TRABALHO,"Prevê estabilidade de 12 meses ao acidentado","Empregado acidentado tem garantia de emprego por 12 meses após licença pelo INSS."
FARMACÊUTICOS,MARINGA 2023,CLÁUSULA VIGÉSIMA SÉTIMA - ESTABILIDADE DA GESTANTE,"Prevê estabilidade à gestante da confirmação até 5 meses após parto","Empregada gestante goza de estabilidade da confirmação até 5 meses após parto; deve informar a gravidez formalmente."
FARMACÊUTICOS,MARINGA 2023,CLÁUSULA VIGÉSIMA OITAVA - ESTABILIDADE PRÉ-APOSENTADORIA,"Prevê estabilidade de 12 meses ao que comprovar estar a 12 meses da aposentadoria","Empregado com mais de 5 anos na empresa e a 12 meses da aposentadoria tem garantia de estabilidade nesse período, mediante comunicação formal ao empregador."
FARMACÊUTICOS,MARINGA 2023,CLÁUSULA VIGÉSIMA NONA - ESTABILIDADE DO DIRIGENTE SINDICAL,"Garante estabilidade ao dirigente sindical durante o exercício do mandato e até 1 ano após o término","O dirigente sindical tem estabilidade provisória durante o exercício do mandato e até 1 ano após o seu término, exceto por falta grave nos termos da CLT."
FARMACÊUTICOS,MARINGA 2023,CLÁUSULA TRIGÉSIMA - LICENÇA MATERNIDADE,"Assegura licença maternidade de 120 dias, prorrogáveis conforme lei","Empregada gestante terá direito a licença de 120 dias, prorrogada nos termos da legislação vigente."
FARMACÊUTICOS,MARINGA 2023,CLÁUSULA TRIGÉSIMA PRIMEIRA - LICENÇA LUTO,"Concede até 5 dias em caso de falecimento de familiares diretos","Empregado terá direito a 5 dias corridos de licença em caso de falecimento de pais, filhos, cônjuge ou dependente; para outros casos, aplica-se o previsto na CLT."
FARMACÊUTICOS,MARINGA 2023,CLÁUSULA TRIGÉSIMA SEGUNDA - LICENÇA CASAMENTO,"Concede 3 dias consecutivos de licença remunerada em caso de casamento","O empregado fará jus a 3 dias consecutivos de licença remunerada pelo casamento civil ou religioso."
FARMACÊUTICOS,MARINGA 2023,CLÁUSULA TRIGÉSIMA TERCEIRA - LICENÇA PATERNIDADE,"Concede 5 dias corridos de licença ao pai a partir do nascimento do filho","O empregado terá direito a 5 dias de licença paternidade a contar do nascimento ou adoção do filho."
FARMACÊUTICOS,MARINGA 2023,CLÁUSULA TRIGÉSIMA QUARTA - LICENÇA PARA DOADOR DE SANGUE,"Assegura até 1 dia por semestre para doação de sangue","Empregado tem direito a 1 dia de afastamento sem prejuízo de salários, uma vez por semestre, para doar sangue."
FARMACÊUTICOS,MARINGA 2023,CLÁUSULA TRIGÉSIMA QUINTA - LICENÇA ELEITORAL,"Garante ausência remunerada por 1 dia para regularização de título","1 dia de afastamento por semestre sem prejuízo de salários para regularização do título de eleitor."
FARMACÊUTICOS,MARINGA 2023,CLÁUSULA TRIGÉSIMA SEXTA - ABONO DE HORAS AO ESTUDANTE,"Permite saída antecipada para provas e exames escolares","Abono de horas ao estudante empregado, mediante prévia comunicação, para realização de provas regulares ou exames oficiais."
FARMACÊUTICOS,MARINGA 2023,CLÁUSULA TRIGÉSIMA SÉTIMA - CONTRATO DE EXPERIÊNCIA,"Limita prazos para contrato de experiência","O contrato de experiência será de até 90 dias, podendo ser prorrogado uma vez, respeitado o limite legal."
FARMACÊUTICOS,MARINGA 2023,CLÁUSULA TRIGÉSIMA OITAVA - CONTRATO INTERMITENTE,"Regras específicas para contratação intermitente","O contrato de trabalho intermitente respeitará os prazos e direitos previstos em lei, incluindo férias, FGTS, 13º salário e verbas rescisórias proporcionais."
FARMACÊUTICOS,MARINGA 2023,CLÁUSULA TRIGÉSIMA NONA - CONTRATO DE TEMPO PARCIAL,"Autoriza contrato em tempo parcial, com direitos proporcionais","Admite contratação em tempo parcial conforme CLT, com férias, 13º e demais direitos proporcionais."
FARMACÊUTICOS,MARINGA 2023,CLÁUSULA QUADRAGÉSIMA - ATESTADOS MÉDICOS,"Reconhecimento de atestados expedidos por médicos do SUS, sindicato e empresas conveniadas","Empregador reconhecerá atestados médicos e odontológicos expedidos pelo SUS, pelo sindicato e por profissionais conveniados."
FARMACÊUTICOS,MARINGA 2023,CLÁUSULA QUADRAGÉSIMA PRIMEIRA - FORNECIMENTO DE MEDICAMENTOS,"Faculta descontos e/ou doação de medicamentos ao empregado","Empresas podem conceder descontos ou doar medicamentos fabricados ou comercializados, a critério e dentro das normas sanitárias."
FARMACÊUTICOS,MARINGA 2023,CLÁUSULA QUADRAGÉSIMA SEGUNDA - EXAMES MÉDICOS,"O empregador garante realização de exames conforme legislação vigente","Contratação, demissão e retorno ao trabalho condicionados à realização dos exames médicos obrigatórios."
FARMACÊUTICOS,MARINGA 2023,CLÁUSULA QUADRAGÉSIMA TERCEIRA - SEGURANÇA E SAÚDE NO TRABALHO,"Prevê cursos, utilização de equipamentos e fornecimento de itens de segurança obrigatórios","Treinamentos e fornecimento de equipamentos de proteção individual serão custeados pela empresa quando obrigatórios."
FARMACÊUTICOS,MARINGA 2023,CLÁUSULA QUADRAGÉSIMA QUARTA - RESERVA DE EMPREGOS PARA PCD,"Reserva percentual mínimo de vagas para pessoas com deficiência","As empresas obedecerão à legislação específica quanto à reserva de vagas para pessoas com deficiência."
FARMACÊUTICOS,MARINGA 2023,CLÁUSULA QUADRAGÉSIMA QUINTA - QUADRO DE AVISOS,"Sindicato pode fixar comunicados em quadro de avisos interno","Empresas permitirão afixação de comunicados oficiais do sindicato em local visível e previamente acordado."
FARMACÊUTICOS,MARINGA 2023,CLÁUSULA QUADRAGÉSIMA SEXTA - CONTRIBUIÇÃO ASSISTENCIAL,"Regras para desconto e forma de oposição à contribuição assistencial","Contribuição assistencial prevista, com direito do empregado a apresentar oposição por escrito em 10 dias após publicação da convenção, conforme edital sindical."
FARMACÊUTICOS,MARINGA 2023,CLÁUSULA QUADRAGÉSIMA SÉTIMA - CONTRIBUIÇÃO NEGOCIAL,"Regula contribuição negocial para custear negociações coletivas","Empregadores descontarão a contribuição negocial prevista em assembleia, respeitado direito de oposição."
FARMACÊUTICOS,MARINGA 2023,CLÁUSULA QUADRAGÉSIMA OITAVA - CONTRIBUIÇÃO CONFEDERATIVA,"Define critérios para contribuição confederativa","Contribuição confederativa prevista em assembleia ou estatuto, respeitando liberdade sindical e direito de oposição."
FARMACÊUTICOS,MARINGA 2023,CLÁUSULA QUADRAGÉSIMA NONA - REUNIÕES ENTRE AS PARTES,"Estabelece reuniões quadrimestrais entre sindicato e empresa para tratar de questões coletivas","Sindicatos e representantes das empresas se comprometem a reuniões a cada 4 meses para discutir questões econômicas e sociais da categoria."
FARMACÊUTICOS,MARINGA 2023,CLÁUSULA QUINQUAGÉSIMA - MEDIAÇÃO E SOLUÇÃO DE CONFLITOS,"Estímulo à mediação prévia de conflitos trabalhistas","As partes comprometem-se a buscar a mediação antes de recorrer ao Poder Judiciário em caso de conflito coletivo."
FARMACÊUTICOS,MARINGA 2023,CLÁUSULA QUINQUAGÉSIMA PRIMEIRA - RECURSOS ADMINISTRATIVOS,"Determina critérios e prazos claros para recursos em processos administrativos internos","Recursos administrativos de empregados e empregadores serão apreciados levando em conta boa-fé, com decisão fundamentada."
FARMACÊUTICOS,MARINGA 2023,CLÁUSULA QUINQUAGÉSIMA SEGUNDA - MULTA POR DESCUMPRIMENTO,"Estipula multa de R$350,00 por irregularidade na convenção","Descumprimento de cláusula convencionada sujeita a empresa à multa de R$350,00 por ação, revertida para a parte prejudicada."
FARMACÊUTICOS,MARINGA 2023,CLÁUSULA QUINQUAGÉSIMA TERCEIRA - ADITAMENTOS E ACORDOS INDIVIDUAIS,"Permite firmar aditamentos e acordos para ampliar ou restringir direitos","Sindicatos e empresas poderão firmar aditamentos ou acordos coletivos para detalhar cláusulas ou alterar direitos, mediante acordo mútuo."
FARMACÊUTICOS,MARINGA 2023,CLÁUSULA QUINQUAGÉSIMA QUARTA - NEGOCIAÇÃO PERMANENTE,"Cria canal permanente de negociação quadrimensal","As partes realizarão negociações a cada 4 meses ou em caso de necessidade extraordinária para rever cláusulas econômicas."
FARMACÊUTICOS,MARINGA 2023,CLÁUSULA QUINQUAGÉSIMA QUINTA - FORO,"Elege foro da Comarca de Maringá para dirimir dúvidas","Fica eleito o foro da Comarca de Maringá para solucionar eventuais dúvidas decorrentes da presente convenção."
FARMACÊUTICOS,MARINGA 2023,CLÁUSULA QUINQUAGÉSIMA SEXTA - DISPOSIÇÕES FINAIS,"Estabelece validade, abrangência e publicação da convenção","Esta convenção terá validade e eficácia nos termos nela definidos, sendo publicada e registrada nos órgãos competentes."
FISIOTERAPEUTAS/T.O.,MARINGÁ 2025/2026,CLÁUSULA PRIMEIRA - VIGÊNCIA E DATA-BASE,"Define o período de vigência da convenção e data-base da categoria.","As partes fixam a vigência da presente Convenção Coletiva de Trabalho no período de 01º de maio de 2025 a 30 de abril de 2026 e a data-base da categoria em 01º de maio."
FISIOTERAPEUTAS/T.O.,MARINGÁ 2025/2026,CLÁUSULA SEGUNDA - ABRANGÊNCIA,"Especifica municípios abrangidos para aplicação da convenção aos profissionais da categoria.","A presente Convenção Coletiva de Trabalho abrangerá a(s) categoria(s) FISIOTERAPEUTAS E TERAPEUTAS OCUPACIONAIS, com abrangência territorial em Astorga/PR, Atalaia/PR, Colorado/PR, Doutor Camargo/PR, Floraí/PR, Floresta/PR, Flórida/PR, Iguaraçu/PR, Itambé/PR, Ivatuba/PR, Lobato/PR, Mandaguaçu/PR, Mandaguari/PR, Marialva/PR, Maringá/PR, Munhoz de Melo/PR, Nossa Senhora das Graças/PR, Ourizona/PR, Paiçandu/PR, Presidente Castelo Branco/PR, Santa Fé/PR, Santa Inês/PR, Santo Inácio/PR, São Jorge do Ivaí/PR e Sarandi/PR."
FISIOTERAPEUTAS/T.O.,MARINGÁ 2025/2026,CLÁUSULA TERCEIRA - PISO DA CATEGORIA E REAJUSTE SALARIAL,"Define o piso para 30h/semana e os percentuais de reajuste por faixa salarial, além de condições para retroativos e compensações.","Para uma jornada de 30 horas semanais (Lei n. 8856/94), fica acordado que nenhum fisioterapeuta ou terapeuta ocupacional poderá receber valor inferior a: a) De 01/05/2025 a 31/08/2025: R$ 2.646,07; b) A partir de 01/09/2025: R$ 2.718,51. Parágrafo Primeiro: Os salários superiores aos pisos serão reajustados assim: I) Até R$10.000,00: Reajuste de 5,82%, sendo 3% em maio e 2,82% em setembro, aplicados diretamente sobre o salário de abril/2025. II) Entre R$10.000,01 e R$16.314,82: Reajuste de 3,82%, sendo 2% em maio e 1,82% em setembro, aplicados sobre o salário de abril/2025. III) Acima de R$16.314,82: livre negociação. Parágrafo Segundo: Eventuais retroativos do piso e salário devem ser pagos na folha subsequente ao fechamento da CCT. Parágrafo Terceiro: Serão compensados todos os reajustes e antecipações salariais concedidas a partir de maio/2025. Parágrafo Quarto: Não serão compensados aumentos decorrentes de promoção, transferência, equiparação salarial, implemento de idade, mérito e fim de contrato de aprendizagem, bem como integração de horas extras."
FISIOTERAPEUTAS/T.O.,MARINGÁ 2025/2026,CLÁUSULA QUARTA - PAGAMENTO DAS VERBAS RESCISÓRIAS,"Estabelece prazo de até 10 dias para pagamento das verbas rescisórias, antecipando para o último dia útil em caso de final de semana ou feriado.","O pagamento das verbas rescisórias deverá ser feito, sem qualquer acréscimo, até o décimo dia legal; se recair em sábado, domingo ou feriado, deve ser realizado até o último dia útil anterior."
FISIOTERAPEUTAS/T.O.,MARINGÁ 2025/2026,CLÁUSULA QUINTA - COMPROVANTES DE PAGAMENTO,"Obriga fornecimento de detalhamento de pagamento, inclusive digital, e físico mediante solicitação; salário pago até 5º dia útil.","Discriminando as importâncias da remuneração e os respectivos descontos efetuados, inclusive o valor a ser recolhido ao FGTS. Parágrafo Primeiro: A obrigação do caput pode ser suprida por meio eletrônico, através de e-mail, sistemas ou outra forma de acesso via internet disponibilizada ao trabalhador de forma individual. Caso haja solicitação fundamentada do trabalhador com prazo mínimo de 48 horas, o documento deve ser disponibilizado em formato físico, excepcionalmente no mês do pedido. Parágrafo Segundo: As empresas pagarão os salários e todas as verbas que compõem a remuneração do empregado até o 5º (quinto) dia útil do mês subsequente ao trabalhado."
FISIOTERAPEUTAS/T.O.,MARINGÁ 2025/2026,CLÁUSULA SEXTA - ERRO NA FOLHA DE PAGAMENTO,"Determina prazo de até 3 dias úteis para complementar diferenças salariais reconhecidas.","No caso de ocorrência inequívoca de diferença de salário na folha de pagamento ou adiantamento, em prejuízo do empregado, a empresa se obriga a efetuar o pagamento da respectiva diferença no prazo de até 03 (três) dias úteis, contados a partir da data da constatação da diferença."
FISIOTERAPEUTAS/T.O.,MARINGÁ 2025/2026,CLÁUSULA SÉTIMA - PAGAMENTO DE SALÁRIO FORA DO PRAZO,"Prevê multa de 0,30% ao dia pelo atraso no pagamento do salário.","O pagamento do salário mensal deve ser realizado na forma e prazo legal. O pagamento salarial fora do prazo implicará na multa de 0,30% (zero vírgula trinta por cento) por dia de atraso, que será calculado sobre o valor líquido devido e deverá ser regularizado até a folha de pagamento seguinte."
FISIOTERAPEUTAS/T.O.,MARINGÁ 2025/2026,CLÁUSULA OITAVA - INDENIZAÇÃO ADICIONAL,"Disciplina regras para pagamento de indenização adicional conforme projeção do aviso prévio, incluindo regra da Lei 12.506/2011.","As partes em cumprimento à lei 7.238, de 29/10/84 e visando dar tratamento uniforme ao pagamento da indenização adicional, estabelecem que: a) o tempo do aviso prévio cumprido ou indenizado integra o tempo de serviço para todos os efeitos legais; b) somado o tempo do aviso prévio indenizado ao contrato de trabalho é devida a indenização adicional quando a projeção ocorrer no período de 1/4/ a 30/4 de cada ano; c) somado o tempo do aviso prévio indenizado ao contrato de trabalho, não é devida a indenização adicional, quando a projeção do tempo do aviso prévio recair no período posterior a 30/4/ ou anterior a 31/3 de cada ano. Parágrafo Único: Ressalva-se que os dias de aviso prévio acrescentado pela lei 12.506/2011, serão computados para cálculo do tempo de serviço e consequente enquadramento para cálculo da indenização adicional."
FISIOTERAPEUTAS/T.O.,MARINGÁ 2025/2026,CLÁUSULA NONA - SALÁRIO DO SUBSTITUTO,"Garante salário contratual do substituído ao empregado que exercer substituição superior a 30 dias, excluídas vantagens pessoais.","Enquanto perdurar a substituição meramente eventual, com período superior a 30 (trinta) dias, o empregado substituto fará jus ao salário contratual do substituído, excetuando-se as vantagens de caráter pessoal."
FISIOTERAPEUTAS/T.O.,MARINGÁ 2025/2026,CLÁUSULA DÉCIMA - ABONO POR TEMPO DE SERVIÇO,"Estabelece abono anual de 0,6% por ano de serviço na mesma empresa, com regras específicas para apuração e exceções.","Fixa-se o abono por tempo de serviço correspondente a 0,6% (zero vírgula seis por cento) por ano de serviço trabalhado na mesma empresa, incidente sobre o salário base do empregado, a ser pago destacadamente, ficando excluído para do cômputo do tempo de serviço o período de afastamento pelo INSS, com duração acima de trinta dias. Parágrafo Primeiro: A partir de 01/05/2010, não haverá mais o limitador de 10 anos, até então constante nas CCT anteriores, passando a aplicar-se a regra do caput, a partir da presente data a todos aqueles trabalhadores que completarem um novo anuênio. Parágrafo Segundo: Acordam as partes que o tempo de serviço prestado pelos trabalhadores com mais de 10 (dez) anos na empresa até 30/4/2010, não será computado para fins do benefício. Parágrafo Terceiro: Fica assegurado que o Abono por tempo de serviço não será descontado proporcionalmente, em caso de falta justificada por atestado médico, licenças gala ou luto, na concessão de licença prêmio e na compensação por banco de horas. Parágrafo Quarto: Garante-se aos empregados constantes da folha de pagamento do mês de junho/2000, o percentual integral até então recebido, passando o novo adicional a ser regido pelo caput a partir do mês de julho/2000. Parágrafo Quinto: Aos empregados que tinham 10 (dez) anos ou mais de serviço na mesma empresa, fica garantido à manutenção do percentual pago na folha de pagamento de abril/1999, valor que permanecerá inalterado. Parágrafo Sexto: O presente benefício não possui natureza salarial, nos termos do artigo 457, parágrafo 2º da CLT."
FISIOTERAPEUTAS/T.O.,MARINGÁ 2025/2026,CLÁUSULA DÉCIMA PRIMEIRA - ADICIONAL DE HORAS EXTRAS,"Regulamenta o adicional de horas extras: 50% até 90 horas/mês e 100% acima disso, com fornecimento de lanche após a segunda hora extra diária.","As horas extras serão remuneradas com o adicional de 50% (cinquenta por cento) até o limite de 90 (noventa) horas mensais e de 100% (cem por cento) para as que excederem este número, os quais incidirão sobre o valor do salário/hora normal, ressalvada a existência de acordo de compensação. Parágrafo Único: Após a segunda hora extra de cada dia será fornecido ao trabalhador lanche gratuitamente."
FISIOTERAPEUTAS/T.O.,MARINGÁ 2025/2026,CLÁUSULA DÉCIMA SEGUNDA - ADICIONAL NOTURNO,"Dispõe sobre o adicional noturno de 30% sobre o salário base para o trabalho entre 22h e 5h, em 8 horas noturnas.","O adicional noturno é de 30% (trinta por cento) e terá como base de cálculo o salário base do empregado. Será devido no trabalho executado das 22h00min às 05h00min do dia seguinte, compreendendo assim 08 (oito) horas noturnas independentemente do horário de 01 (uma) hora para descanso ou refeição, de acordo com a cláusula 29ª desta CCT, exceto as instituições que optarem por um intervalo superior a 01(uma) hora, quando pagarão as horas efetivas de trabalho noturno. Parágrafo Primeiro: O adicional noturno será pago integral no mês em que o empregado gozar a licença prêmio, licenças gala ou luto, na concessão da compensação por banco de horas. Parágrafo Segundo: A hora noturna será considerada reduzida, nos termos do artigo 73, § 1º da CLT."
FISIOTERAPEUTAS/T.O.,MARINGÁ 2025/2026,CLÁUSULA DÉCIMA TERCEIRA - ADICIONAL DE INSALUBRIDADE,"Estabelece critérios para pagamento de adicional de insalubridade conforme grau definido em laudo técnico, com base em valor fixado.","O adicional de insalubridade será devido na forma do artigo 195 da CLT e seus parágrafos, tendo como base os graus de exposição definidos nos laudos técnicos de cada instituição, e calculados na forma da lei em percentual incidente sobre o valor base de R$1.518,00 (hum mil, quinhentos e dezoito reais). Parágrafo Único: Em caso de reajuste do salário-mínimo em patamar superior, tal valor passa a se constituir como base de cálculo deste adicional até a superveniência de nova negociação coletiva."
FISIOTERAPEUTAS/T.O.,MARINGÁ 2025/2026,CLÁUSULA DÉCIMA QUARTA - PRÊMIO ASSIDUIDADE,"Prevê prêmio de 10% do salário base pela assiduidade mensal, com regras específicas para concessão, exceções e casos de direito adquirido.","Será concedido um prêmio assiduidade correspondente a 10% (dez por cento) do salário base ao empregado que não possuir atrasos ou faltas, inclusive saídas antecipadas, atestados e casos de ausências legais durante o mês, a ser pago destacadamente, não possuindo natureza salarial, nos termos do § 2º do artigo 457 da CLT, não incidindo quaisquer encargos sobre o mesmo. Parágrafo Primeiro: Fica acordado que o prêmio de assiduidade será concedido nos casos de licenças gala ou luto, na concessão de licença prêmio e na compensação por banco de horas, e em caso de atestado médico quando o mesmo for em virtude de Acidente de Trabalho. Parágrafo Segundo: A partir de 01 de maio de 2022, fica desobrigado o adimplemento do Prêmio Assiduidade para os empregados membros da categoria profissional que não registrem ponto e percebam salário superior a R$ 10.000,00. Parágrafo Terceiro: Os empregados que estejam com contrato de trabalho ativo em 30/04/2022, e que não registrem ponto e percebam salário superior a R$ 10.000,00, terão direito adquirido a manutenção do recebimento do Prêmio Assiduidade. Parágrafo Quarto: Os contratos de trabalho que se encontrarem suspensos em 30/04/2022, após o retorno ao trabalho, farão jus ao prêmio assiduidade, de acordo com o Parágrafo Primeiro."
FISIOTERAPEUTAS/T.O.,MARINGÁ 2025/2026,CLÁUSULA DÉCIMA QUINTA - ALIMENTAÇÃO,"Garante fornecimento gratuito de refeições aos empregados em jornadas 12x36 e plantões de 12h, e lanche em jornadas de 6h ou mais, sem natureza salarial.","Os estabelecimentos abrangidos pelo presente CCT fornecerão refeições gratuitas a seus empregados, quando os mesmos laborarem nas jornadas de 12x36 e nos plantões de 12 horas, cujo benefício não integrará a remuneração do trabalhador. Parágrafo Único: O lanche deverá consistir de, no mínimo, leite, café, pão com margarina ou outro complemento e será ofertado aos empregados em jornadas de seis horas ou mais. O almoço e ou jantar deverá ser de boa qualidade. Tais utilidades não terão natureza salarial."
FISIOTERAPEUTAS/T.O.,MARINGÁ 2025/2026,CLÁUSULA DÉCIMA SEXTA - AUXÍLIO-TRANSPORTE,"Limita ao trabalhador desconto de até 6% no salário base para transporte. Excedente é custeado pelo empregador, com detalhamento sobre o repasse e saldo de vale-transporte.","Nos termos da Lei nº. 7.619/87, e do Decreto nº. 95.247, nenhum trabalhador poderá arcar com mais de 6% (seis por cento) de seu salário base para fazer frente às despesas de locomoção no trajeto residência-trabalho e vice-versa, sendo que o excedente deverá ser custeado pelo empregador na forma da legislação pertinente. Parágrafo Primeiro: Fica pactuado que as empresas efetuarão o repasse do vale transporte aos seus empregados sempre no mesmo dia de cada mês. Parágrafo Segundo: Faculta-se ao empregador o controle junto a empresa de transporte coletivo e, caso apresente saldo de vale-transporte, por não utilização pelo trabalhador, pode o empregador realizar o pagamento apenas dos vales necessários para complemento mensal. Caso o valor da carga seja inferior ao desconto de 6%, desconta-se apenas o valor da carga."
FISIOTERAPEUTAS/T.O.,MARINGÁ 2025/2026,CLÁUSULA DÉCIMA SÉTIMA - FUNDO FUNERAL,"Institui fundo funeral obrigatório, custeado pelos empregadores, com regras para custeio, pagamento do benefício, valores, carência, extensão, casos de inadimplência e documentos para liberação.","Instituído por meio da Convenção Coletiva de Trabalho 2020/2021, o FUNDO FUNERAL é um benefício assistencial criado pelas entidades sindicais signatárias, e de responsabilidade do Sindicato Patronal (SHESSMAR), destinado a todos os trabalhadores membros da categoria subordinados a esta Convenção Coletiva de Trabalho. Este benefício é custeado mensalmente pelos Empregadores e a indenização em caso dos eventos objeto de cobertura será paga pelo Sindicato dos Hospitais e Estabelecimentos de Serviços de Saúde de Maringá e Região – SHESSMAR, entidade responsável pela gestão, arrecadação e administração de tal benefício, instituído nos termos do regulamento próprio anexo aprovado em Assembleia Geral da Categoria. Parágrafo Primeiro: Todos os EMPREGADORES abrangidos pela presente CCT arcarão, compulsoriamente, com o custeio mensal em favor de todos os seus empregados membros da categoria, independente da modalidade de contratação, junto ao SHESSMAR. Este pagamento deverá ser realizado até o 5º (quinto) dia útil do mês subsequente, mediante depósito bancário identificado no Banco 084 Uniprime agencia 002, c/c 43261-0, ou através de boleto bancário (despesas bancarias por conta do pagador) solicitado diretamente no e-mail sindicato@wnet.com.br. Parágrafo Segundo: O custeio do Benefício assistencial “FUNDO FUNERAL” será de responsabilidade integral dos empregadores, ficando vedado qualquer desconto no salário do trabalhador. Parágrafo Terceiro: Os valores dos benefícios do Fundo Funeral são: I – R$ 6.000 (seis mil reais) para morte do funcionário, pagos em conformidade com o artigo 3º, deste regulamento. II – R$ 3.000,00 (três mil reais) em caso falecimento do cônjuge ou convivente do funcionário, pagos em conformidade com o artigo 3º, deste regulamento. III – Valor limite de até R$ 3.000,00 (três mil reais) de reembolso de despesas funerais por morte de funcionário, seu cônjuge e filhos menores de 21 anos, devidamente comprovados por meio de notas fiscais. Parágrafo Quarto: Este benefício é CUMULATIVO COM OUTROS SIMILARES (SEGURO DE VIDA OU ASSISTÊNCIA FUNERAL) QUE JÁ ESTÃO CONSTITUÍDOS NA CATEGORIA, ou seja, mesmo que o Empregador ou empregado (a) tenha contratado um seguro de vida ou similar, deverá o empregador efetuar o pagamento do benefício assistencial “FUNDO FUNERAL” uma vez que tal benefício é compulsório. Parágrafo Quinto: O Benefício assistencial “FUNDO FUNERAL” é extensivo a todos integrantes da categoria, inclusive trabalhadores afastados exclusivamente por: auxilio doença, maternidade, acidente do trabalho, doença equiparadas a acidente do trabalho, neste caso a empresa deverá comprovar mensalmente o recolhimento referente aos trabalhadores afastados. Parágrafo Sexto: Tal auxílio terá uma carência inicial de 30 (trinta) dias para novos integrantes da categoria contados da data do efetivo pagamento da primeira mensalidade. Parágrafo Sétimo: A cobertura do benefício assistencial “FUNDO FUNERAL” perdurará somente no período que o (a) empregado (a) estiver laborando na categoria abrangida pela presente CCT e durante a sua vigência, não prevalecendo, portanto, depois da rescisão contratual. Parágrafo Oitavo: Ocorrendo o óbito do(a) empregado(a) e não tendo o empregador efetuado o pagamento descrito no Parágrafo 1º, desta cláusula, ficará o mesmo obrigado a pagar a INDENIZAÇÃO EM CASO DE ÓBITO prevista no parágrafo 3º desta clausula. O pagamento da referida Indenização, não exime o empregador do pagamento das parcelas em atraso junto ao SHESSMAR, podendo o Sindicato patronal inclusive pleiteá-las em vias judiciais em caso de inadimplência. Parágrafo Nono: O não pagamento pelo empregador da contrapartida prevista no “parágrafo 1º”, desta clausula até o 5º (quinto) dia útil do mês subsequente ensejara além do valor principal devido, multa de 10% (dez por cento) pelo atraso, bem como juros moratórios de 2% (dois por cento) ao mês até o efetivo pagamento, em favor do SHESSMAR. Parágrafo Décimo: Quando da ocorrência do óbito do(a) empregado(a) o empregador ou beneficiários, deverão comunicar formalmente o Sindicato Patronal, no prazo máximo e improrrogável de 90 (noventa) dias da ocorrência. Esgotado o período de 90 (noventa) dias sem a devida comunicação pelos beneficiários descairá o direito de recebimento. Parágrafo Décimo Primeiro: Para recebimento da INDENIZAÇÃO EM CASO DE ÓBITO do benefício assistencial “FUNDO FUNERAL”, os beneficiários deverão apresentar os seguintes documentos: DO(A) EMPREGADO(A) FALECIDO(A): Certidão de óbito; Cópia da Carteira de Trabalho e Previdência Social (CTPS), contendo a página com a foto, a qualificação civil, o último contrato de trabalho vigente na categoria e a página seguinte em branco; Certidão PIS/PASEP/FGTS emitida pelo INSS contendo a relação de dependentes ou Declaração de Inexistência de Dependentes Habilitados a Pensão por Morte; DO REQUERENTE: Cópia do Documento de Identidade – RG ou Carteira Nacional de Habilitação (CNH); Cópia do CPF; Cópia da Certidão de Nascimento ou de Casamento ou documento equivalente (Comprovação de união estável) quando da ocorrência; Cópia do Comprovante de Residência. Parágrafo Décimo Segundo: O benefício assistencial “FUNDO FUNERAL”, não tem natureza salarial, por não se constituir em contraprestação de serviços, tendo caráter compulsório e ser eminentemente assistencial. Parágrafo Décimo Terceiro: Os valores alusivos ao benefício serão pagos de acordo com a seguinte tabela: Tabela para Associados ao SHESSMAR: Número de Funcionários, Valor mensal por funcionário: 01 – R$32,00; 02 - 05 – R$19,00; 06 - 10 – R$16,00; 11 - 19 – R$ 9,50; 20 em diante – R$ 3,50. Tabela para NÃO Associados ao SHESSMAR: Número de Funcionários, Valor mensal por funcionário: 01 – R$40,00; 02 - 05 – R$25,00; 06 - 10 – R$20,00; 11 - 19 – R$15,00; 20 em diante – R$ 10,00."
FISIOTERAPEUTAS/T.O.,MARINGÁ 2025/2026,CLÁUSULA DÉCIMA OITAVA - AUXÍLIO CRECHE,"Obriga locais/conveniados a creche para empresas com 30 ou mais mulheres, e prevê ajuda de 20% do salário mínimo para o 5º e 6º mês se não ofertado o benefício.","Os estabelecimentos que tenham em seu quadro 30 (trinta) ou mais mulheres com mais de 16 (dezesseis) anos de idade, propiciarão local ou manterão convênios com creches para guarda e assistência dos filhos menores de 06 (seis) meses. Parágrafo Único: Retornando ao trabalho as mães, e não possuindo o empregador creches ou convênios, receberão uma ajuda creche igual a 20% (vinte por cento) do salário mínimo nacional para seus filhos para o quinto e o sexto mês."
