FISIOTERAPEUTAS/T.O.,MARINGÁ 2025/2026,CLÁUSULA PRIMEIRA - VIGÊNCIA E DATA-BASE,As partes fixam a vigência da presente Convenção Coletiva de Trabalho no período de 01º de maio de 2025 a 30 de abril de 2026 e a data-base da...,"As partes fixam a vigência da presente Convenção Coletiva de Trabalho no período de 01º de maio de 2025 a 30 de abril de 2026 e a data-base
da categoria em 01º de maio."
FISIOTERAPEUTAS/T.O.,MARINGÁ 2025/2026,CLÁUSULA SEGUNDA - ABRANGÊNCIA,"A presente Convenção Coletiva de Trabalho abrangerá a(s) categoria(s) FISIOTERAPEUTAS E TERAPEUTAS OCUPACIONAIS, com abrangência territorial em...","A presente Convenção Coletiva de Trabalho abrangerá a(s) categoria(s) FISIOTERAPEUTAS E TERAPEUTAS OCUPACIONAIS, com
abrangência territorial em Astorga/PR, Atalaia/PR, Colorado/PR, Doutor Camargo/PR, Floraí/PR, Floresta/PR, Flórida/PR, Iguaraçu/PR,
Itambé/PR, Ivatuba/PR, Lobato/PR, Mandaguaçu/PR, Mandaguari/PR, Marialva/PR, Maringá/PR, Munhoz de Melo/PR, Nossa Senhora
das Graças/PR, Ourizona/PR, Paiçandu/PR, Presidente Castelo Branco/PR, Santa Fé/PR, Santa Inês/PR, Santo Inácio/PR, São Jorge do
Ivaí/PR e Sarandi/PR.
SALÁRIOS, REAJUSTES E PAGAMENTO
REAJUSTES/CORREÇÕES SALARIAIS"